{"users":[{"id":1,"email":"Purdy_Liza@Feest.ca","firstname":"Moses","lastname":"Armstrong","password":"0Lelia39","avatar":"https://s3.amazonaws.com/uifaces/faces/twitter/supjoey/128.jpg"},{"id":2,"email":"Durward_Ondricka@hotmail.com","firstname":"Danial","lastname":"Dicki","password":"2Kellie20","avatar":"https://s3.amazonaws.com/uifaces/faces/twitter/bobbytwoshoes/128.jpg"},{"id":3,"email":"Alvena.Gislason@gmail.com","firstname":"Daryl","lastname":"Parisian","password":"5Eleanore90","avatar":"https://s3.amazonaws.com/uifaces/faces/twitter/supjoey/128.jpg"},{"id":4,"email":"Larue.Schneider@Walker.name","firstname":"Dortha","lastname":"Blick","password":"5Damien43","avatar":"https://s3.amazonaws.com/uifaces/faces/twitter/stevedesigner/128.jpg"},{"id":5,"email":"Hoppe.Lea@Kreiger.net","firstname":"Lenore","lastname":"Hoeger","password":"6Selina95","avatar":"https://s3.amazonaws.com/uifaces/faces/twitter/juanmamartinez/128.jpg"}],"posts":[{"id":1,"title":"Et sit excepturi","body":"Fugit provident nulla voluptas dolor fugit. Velit dolorem unde delectus perspiciatis itaque. Consequuntur nemo quo reprehenderit soluta voluptatum vel error aut. Possimus consequuntur quo sint. Assumenda hic voluptas vitae iste dolore. Nemo sit quaerat vero ea et voluptatem tempore. Quam quasi autem asperiores natus perspiciatis asperiores voluptatem. Earum quia vel sapiente sequi deserunt rerum nihil. Vel porro libero placeat at et architecto. Porro perspiciatis omnis consectetur nihil et. Assumenda harum ipsum architecto ratione non voluptatibus aut nemo et.","user_id":10,"date":"1988-07-13","images":["http://lorempixel.com/640/480/fashion","http://lorempixel.com/640/480/animals"]},{"id":2,"title":"Explicabo odit sed","body":"Qui ipsa sed molestiae vel vitae neque omnis. Qui libero ipsa natus nemo. Rerum dignissimos dolores qui quo reprehenderit voluptas. Ut repellendus dolor itaque porro quibusdam qui autem. Fugit qui libero nihil. Fugiat sapiente expedita harum dolores qui ut. Recusandae ut ab veritatis dolorem aut blanditiis nihil. Omnis odio laboriosam harum. Tenetur aliquam quaerat. Esse eius itaque qui blanditiis aut cupiditate eveniet tempore. Beatae et nam accusantium aut quo.","user_id":2,"date":"1973-06-15","images":["http://lorempixel.com/640/480/fashion","http://lorempixel.com/640/480/sports"]},{"id":3,"title":"Ducimus et totam","body":"Sed voluptas dolorum quisquam ducimus a vitae consequatur et. Aliquam sapiente numquam natus non adipisci et adipisci. Maxime qui neque dolor veniam quis fuga cumque. Aut consequatur quos est voluptatem qui corporis consectetur magni enim. Est ex numquam ratione deserunt unde quibusdam fugiat. Sunt in sit autem et libero. Omnis expedita autem et dolorem facere id qui in. Quam ea aliquam inventore excepturi minima maiores. Dolor aliquid excepturi expedita cumque accusantium nam enim accusamus. Non est nam sit animi ratione ea eligendi. Ea architecto quos labore ex impedit illum. Repudiandae tempore facere. Enim officia voluptatum in esse mollitia. Aut perferendis non nostrum vel animi a officiis quasi. Ducimus non nihil accusantium provident odit debitis. Deserunt pariatur et dolores quod et eligendi quidem voluptates magni. Aspernatur numquam ea fuga. Laborum ratione facilis enim consequatur. Rerum debitis deserunt ipsa vitae consequatur blanditiis debitis quis.","user_id":9,"date":"1972-07-25","images":["http://lorempixel.com/640/480/cats","http://lorempixel.com/640/480/technics"]},{"id":4,"title":"Vel qui","body":"Eligendi eos odio tempore et. Voluptas et maiores dolor. Et id deleniti sequi distinctio velit. A iusto aut voluptas dolorem officiis. Quam consequuntur in accusamus in quis vero. Dolor fugiat sapiente et voluptatum aperiam. Corporis quia enim maxime incidunt. Quibusdam ab nulla sapiente cumque sit ipsa ut. Eum voluptates quibusdam enim tenetur quis velit. Nam sunt nemo repellendus et. Natus doloribus quos dolore sunt aut cumque alias cumque. Optio modi omnis molestias tempore eum vel praesentium. Quae architecto excepturi odit explicabo. Occaecati est enim voluptatem dolorem autem tenetur quia perspiciatis. Porro autem explicabo reprehenderit aut velit natus. Cumque totam laboriosam labore corrupti at voluptatibus. Cum aperiam ex sit. Magnam voluptas qui necessitatibus aspernatur dolorem dolor. Consequatur ut impedit sint voluptas magnam.","user_id":10,"date":"1980-10-16","images":["http://lorempixel.com/640/480/people","http://lorempixel.com/640/480/city"]},{"id":5,"title":"Ipsum velit","body":"Laborum similique nihil quo aspernatur molestiae. Amet hic rem. Nisi necessitatibus quo adipisci rerum itaque saepe dolor voluptas. Tempore doloribus et sunt quia voluptas adipisci magnam accusantium sapiente. Assumenda qui quo. Laudantium neque nulla et. Et cumque et sint voluptatem deleniti. Vel et est voluptas suscipit velit at. Quis iure nisi possimus qui maiores modi aut fugit. Et rerum rerum aut veniam. Incidunt nulla qui voluptate necessitatibus consectetur vitae et est. Ex aspernatur est aut tempora expedita aut in facilis. Aspernatur facere tenetur eaque. Tempore sint itaque unde aut animi est. Non tempore iure recusandae aspernatur voluptatem dolor reprehenderit.","user_id":7,"date":"1999-05-01","images":["http://lorempixel.com/640/480/city","http://lorempixel.com/640/480/abstract"]}],"comments":[{"id":1,"post_id":1,"body":"Velit accusantium at qui nisi. Et est dolores est. Dolorem rem dolorem unde aliquam totam nam doloribus et.","date":"1980-11-30"},{"id":2,"post_id":1,"body":"Consequatur provident dolorum. Suscipit quis aut accusantium. Nemo dolores voluptatum omnis esse et quia. Aut neque ipsam cumque dicta velit et. Provident vel deserunt voluptatibus in et molestiae ipsam possimus.","date":"1973-11-20"},{"id":3,"post_id":2,"body":"Nulla error qui deleniti illo non. Deleniti et tempore et numquam sunt et consectetur asperiores qui. Ad ducimus quia distinctio necessitatibus et architecto neque. Aut est beatae eaque vel sint a quia qui.","date":"2003-09-09"},{"id":4,"post_id":2,"body":"Expedita consequatur eveniet. Officia asperiores reprehenderit amet deleniti. Minima aut occaecati veritatis ut ea suscipit. Perferendis optio veniam sequi aut vel excepturi velit nesciunt. Id cumque eius modi laudantium tempore esse. Debitis consequatur eum ut ut ut praesentium. Aut sit id quae placeat eveniet molestias commodi iusto.","date":"2012-04-08"},{"id":5,"post_id":3,"body":"Consequatur consequatur doloribus et in nisi nam soluta ut. Aperiam recusandae vel quae iure commodi praesentium sunt vero. Officiis officiis accusantium numquam.","date":"1981-05-31"},{"id":6,"post_id":3,"body":"Itaque laboriosam voluptatem aliquam fugit dicta voluptas dolor et. Aut aut laudantium labore ut dolores. Aut cum tenetur quam molestiae numquam voluptatem. Architecto quam ducimus sequi at soluta et accusantium ipsam fugit. Ut iusto sunt est aut voluptatibus deserunt voluptatum. Cupiditate praesentium unde architecto fugiat impedit.","date":"2013-06-25"},{"id":7,"post_id":4,"body":"Modi veniam et magnam ratione nam et. At sed incidunt et doloribus quo. Consequuntur officia repellat distinctio ea minus. Est mollitia quas dolorum voluptas autem.","date":"1996-03-05"},{"id":8,"post_id":4,"body":"Qui commodi rem ducimus enim. Voluptatem et quam recusandae qui consequuntur autem ad laudantium. Exercitationem et recusandae neque excepturi consequatur est qui. Eum porro quis rem rerum ut corrupti. Quo et ipsa aliquam et et. Nihil praesentium impedit.","date":"1970-02-03"},{"id":9,"post_id":5,"body":"Impedit molestiae autem ut tempora eum magni exercitationem eos. Id repudiandae quis. Id reprehenderit architecto nemo provident blanditiis nam accusamus. Quasi praesentium eaque neque adipisci autem aut architecto. Et recusandae id.","date":"1990-12-12"},{"id":10,"post_id":5,"body":"Minus est provident ad magni amet dolorem magni. Dolor ea deleniti neque. Placeat aliquid eligendi recusandae voluptatem blanditiis enim autem. In est et libero est.","date":"1977-02-17"},{"id":11,"post_id":5,"body":"Aliquam sint iure sunt. Atque ut velit culpa quisquam in voluptatem. In nisi earum ut.","date":"1995-10-11"}]}
